url;ID;title;postal_code;address;rooms;floor;surface_m2;price_eur;price_per_m2;dpe_letter;ges_letter;year_built;property_type;description
https://www.seloger.com/annonces/achat/appartement/paris-1er-75/vendome/235751515.htm;235751515;SeLoger;75001;Vendôme, Paris 1er (75001);5;2;160.0;4314600.0;26966.25;D;D;1703;appartement;Paris 1er Rue Danielle Casanova à 200m de la Place Vendôme, du Ritz et de la rue de La Paix. Au 2ème étage avec ascenseur d'un bel immeuble du début du 18ème siècle, un superbe appartement de réception de 160,19m² Carrez intégralement rénové en 2023 et bénéficiant d'une belle hauteur sous plafond de 3m. Il se compose d'une entrée, d'une très grande réception lumineuse avec 3 grandes fenêtres de plus de 84m², comprenant un grand salon et une salle à manger disposant d'une cuisine américaine totalement équipée, d'un bureau d'environ 10m², de WC invités, d'une buanderie, d'une suite parentale d'environ 37m² avec dressing Madame, dressing Monsieur et salle de bains, d'une seconde suite d'environ 23m² avec salle de bains. Interphone, digicode, nombreux rangements sur mesure, très bon plan, espace vélos, DPE en « D ». Une cave complète ce bien rare à la vente. Contacter Anne Cataldo Paris Normandie Transactions 7j/7
https://www.seloger.com/annonces/achat/appartement/paris-6eme-75/saint-placide/248690609.htm;248690609;SeLoger;75006;Saint Placide, Paris 6ème (75006);2;1;26.0;507600.0;19523.08;E;E;1948;appartement;immology vous présente, en exclusivité, ce bien coup de cœur – 26 m² (22,77 m² Carrez) avec terrasse privative. À deux pas du Bon Marché et de la rue du Cherche-Midi, dans une rue calme et recherchée du 6 € arrondissement, ce duplex entièrement refait à neuf séduit par son charme authentique et ses prestations contemporaines. D'une surface pondérée de 26 m² (Carrez 22,77 m²), il se compose d'un séjour chaleureux avec pierres apparentes et poutres en bois, d'une cuisine ouverte aménagée et équipée, d'une mezzanine aménagée en coin nuit, d'une salle d'eau moderne avec WC, et d'une terrasse privative de 10 m², sans vis-à-vis, en jouissance exclusive. L'ensemble a fait l'objet d'une rénovation complète : électricité, menuiseries double vitrage, aménagements sur mesure. Aucun travaux à prévoir. Les + : Adresse ultra-prisée à Saint-Germain-des-Prés Calme absolu sur cour Copropriété de caractère bien entretenue Chauffage collectif au gaz Faibles charges Bien rare sur le secteur, idéal pied-à-terre ou investissement Informations financières Charges de copropriété : 545,69 euros/trimestre (soit env. 182 euros/mois, chauffage inclus) Taxe foncière 2024 : 317 euros
https://www.seloger.com/annonces/achat/appartement/paris-18eme-75/clignancourt-jules-joffrin/248695931.htm;248695931;SeLoger;75018;Clignancourt-Jules Joffrin, Paris 18ème (75018);3;4;48.0;550800.0;11475.0;F;C;1910;appartement;M° JULES JOFFRIN. Villa Ordener, dans un immeuble haussmanien sécurisé, parties communes récemment refaites, chaleureux appartement au 4ème étage avec ascenseur comprenant : entrée, 3 pièces dont 2 chambres, une salle d'eau avec WC. cuisine indépendante (possibilité cuisine US) , double vitrage , à moderniser, cave
https://www.seloger.com/annonces/achat/appartement/paris-18eme-75/la-chapelle-marx-dormoy/248704463.htm;248704463;SeLoger;75018;La Chapelle-Marx Dormoy, Paris 18ème (75018);2;1;44.0;400000.0;9090.91;D;B;1970;appartement;75018 PARIS. M° Marx Dormoy. Proche du marché de l'olive. Rue Marc Seguin. Dans un très bel immeuble des années 70-80, avec vue sur jardin de la copropriété, local commercial pour activité de bureau ou profession libérale, de 44 m2 comprenant une grande pièce principale et un petit bureau. Modulable en 3 pièces ou possibilité de decloisonner le petit bureau.Chauffage collectif. Très calme et Lumineux avec vue arborée.
https://www.seloger.com/annonces/achat/appartement/paris-18eme-75/goutte-d-or-chateau-rouge/248695913.htm;248695913;SeLoger;75018;Goutte d'Or-Château Rouge, Paris 18ème (75018);2;3;33.0;400000.0;12121.21;E;B;1900;appartement;75018 PARIS. CHÂTEAU ROUGE. Rue du Panama. Dans un Très Bel Immeuble en Pierres de Taille. En étage élevé. Très Beau 2 Pièces de 33m2 en Très Bon état. Aucune Perte de Place. Charme de l'ancien. Bel espace de séjour.Une chambre. Salle d'eau. WC séparés. Belle Hauteur sous plafond . Superbe copropriété. Double Vitrage. Habitable de Suite. Une Cave. Au pied des commerces & Transports. Gros Coup de Coeur.
https://www.seloger.com/annonces/achat/appartement/paris-17eme-75/courcelles-wagram/248741467.htm;248741467;SeLoger;75017;Courcelles-Wagram, Paris 17ème (75017);1;1;21.0;261576.0;12456.0;E;B;1223;appartement;Bienvenue chez Abriculteurs, l'agence familiale qui s'engage à un service d'exception. Découvrez une présentation soignée de ce bien : des photos pro, un plan détaillé et une visite virtuelle immersive pour vous projeter. Faites confiance à notre expertise pour transformer vos projets immobiliers en réussites remarquables. De´couvrez ce charmant studio à fort potentiel. Idéal premier achat ou investisseurs. Le studio s'ouvre sur l'espace de vie, doté d'une belle hauteur sous plafond avec un velux, apportant beaucoup de lumière, puis une mezzanine qui compose l'espace nuit, ainsi qu'un coin salon cosy niché en dessous. S'ensuit une salle d'eau optimisée et récemment rénovée, ainsi qu'un coin cuisine bien équipé. Le studio se trouve sur cour, au calme, au premier et dernier étage. Avec comme un sentiment d'être à la campagne ! Ce studio est dans une rue sympa du 17ème, avec une boulangerie de qualité au pied, des restaurants variés, il est situé à quelques minutes du très prisé marché Poncelet, de l'avenue des Ternes et tous ses commerces, des transports en commun (lignes 1, 2 et 3). Vous serez charmé ! Les + du bien : - l'emplacement idéal, à 5 mins du marché Poncelet, - Espace et plan optimisés, - Lumineux et calme. A` noter : - Taxe foncie`re : .. / an - Charges courantes annuelles : 1044€ / an - Cou^t annuel du chauffage : environ 600€/ an - Etat du bien : A rafrai^chir, - Le bien est soumis au statut de coproprie´te´ - Appartement n° 49, 50 et 51, - Tout a` l'e´gout, - Pas de procédure en cours. Consommation conventionnelle (kWhEP/m2.an) : 300 (E) Estimation des e´missions (kg CO2/m2.an) : 9 (B) Cou^t de l'e´nergie min / max : 268€ min / 350€ max Anne´e de re´fe´rence des prix : 2021 Logement a` consommation e´nerge´tique excessive. Prix de vente : 242 200 € TTC (Honoraires Abriculteurs a` la charge du vendeur) Ce bien a retenu votre inte´re^t ? Pour organiser la visite avec nous, rien de plus simple, prenez rendez-vous en ligne au moment qui vous convient le mieux. Les informations sur les risques auxquels ce bien est expose´ sont disponibles sur le site Ge´orisques : Ce bien n'est potentiellement pas concerne´ par un tel risque. La pre´sente annonce immobilie`re a e´te´ re´dige´e sous la responsabilite´ e´ditoriale de Madame Chloé de Reilhac, EI, agent commercial mandataire en immobilier immatricule´ au registre spe´cial des agents commerciaux du tribunal de commerce de Nanterre. SARL Abriculteurs immobilier au capital de 5 000,00 € immatricule´e sous le nume´ro de SIREN 837704584 dont le repre´sentant le´gal est Monsieur Adrien Piot.
https://www.seloger.com/annonces/achat/appartement/paris-18eme-75/montmartre/248617373.htm;248617373;SeLoger;75018;Montmartre, Paris 18ème (75018);1;3;18.2;199800.0;10978.02;E;D;1934;appartement;À quelques pas du SACRÉ-COEUR. Rue Bachelet. Le Cabinet Br-immobilier vous propose ce STUDIO de 18m2 carrez à RÉNOVER, avec un fort potentiel d'investissement et une bonne rentabilité, situé au 3ème étage sur cour avec ascenseur dans un immeuble ancien bien entretenu. Comprenant une pièce principale LUMINEUSE exposée SUD-OUEST desservant une cuisine, une salle d'eau et un WC séparé, rangement présent. Toiture révisée en 2022, aucun travaux de copropriété à prévoir. Faibles charges : 103 euros par mois comprenant chauffage et eau collectifs au gaz, ascenseur. Taxe foncière : 400 euros. Cette annonce vous est proposée par M. Thibaut BLANCHARD - EI - NoRSAC: 805 178 241, Enregistré au Greffe du tribunal de commerce de Paris
https://www.seloger.com/annonces/achat/appartement/paris-20eme-75/plaine/248616305.htm;248616305;SeLoger;75020;Plaine, Paris 20ème (75020);3;1;86.1;594000.0;6898.95;F;F;1976;appartement;COUP DE COEUR. Métro Porte de Vincennes / Tramway T3A. Au premier Étage d'un immeuble Semi-récent bien entretenu avec GARDIEN. Venez découvrir cet AGRÉABLE 3/4 Pièces de 86 m2 TRAVERSANT et en bon état général avec une VUE DÉGAGÉE, comprenant une entrée desservant un VASTE double séjour, une cuisine semi-équipée, deux chambres sur cour, avec une possibilité d'une 3éme chambre en gardant un séjour d'une bonne superficie, une salle d'eau, WC séparé. Une cave et un dressing complètent ce bien. Nombreux rangements, plan Optimal, LUMINEUX grâce à sa double exposition EST-OUEST. Chauffage et eau collectifs. Nombreux commerces de proximité et nombreuses écoles. Idéalement situé à proximité du Bois de Vincennes. Cette annonce vous est proposée par M. Thibaut BLANCHARD - EI - NoRSAC: 805 178 241, Enregistré au Greffe du tribunal de commerce de Paris
https://www.seloger.com/annonces/achat/appartement/paris-18eme-75/amiraux-simplon-poissonniers/248699887.htm;248699887;SeLoger;75018;Amiraux-Simplon-Poissonniers, Paris 18ème (75018);3;1;44.0;409320.0;9302.73;E;B;1900;appartement;75018 PARIS. À la Sortie du Métro Marx Dormoy. Rue de la Chapelle. Dans un Bel Immeuble Ancien. En étage. Très Beau 3 Pièces de 44m2 sans Aucune perte de Place. Refait à neuf il y a 2 an. Beau Volume de séjour avec Cuisine Ouverte. 2 Chambres. Sut Cour au Calme. Traversant. Salle d'eau avec WC. Pas de travaux à Prévoir. Habitable de Suite. Au pied des transports et des commerces. Idéal 1er Achat.
https://www.seloger.com/annonces/achat/appartement/paris-18eme-75/amiraux-simplon-poissonniers/248743291.htm;248743291;SeLoger;75018;Amiraux-Simplon-Poissonniers, Paris 18ème (75018);2;5;48.0;491400.0;10237.5;D;D;1900;appartement;75018 PARIS. Rue Ordener. Dans un Bel Immeuble Ancien en très bon état. En étage élevé avec Ascenseur. Très Beau 2 pièces de 48m2 (44m2 carrez) en Excellent Etat. Aucune Perte de Place. Calme et Lumineux. Une entrée. Belle Pièce à Vivre avec Cuisine Américaine. Une chambre. Salle d'eau et WC indépendant. Parquet Ancien. Une Cave. Aucun travaux. Idéal Premier Achat, Investissement ou Pied à terre. Quartier recherché. Un Gros coup de Coeur ! AXEL VALDENAIRE (EI) Agent Commercial - Numéro RSAC : - .
https://www.seloger.com/annonces/achat/appartement/paris-7eme-75/gros-caillou/240765981.htm;240765981;SeLoger;75007;Gros Caillou, Paris 7ème (75007);1;5;23.1;347760.0;15054.55;G;C;1626;appartement;INVALIDES / SAINT DOMINIQUE VII° Au 5ème et dernier étage d'un bel immeuble ancien, un studio de 23,08M² (22,51M² loi Carrez) comprenant : une entrée, une pièce principale avec coin cuisine, une salle d'eau avec wc broyeur. Combles d'environ 20M² à aménager. Appartement de charme, calme et ensoleillé, avec vue dégagée. Proche commerces, transports, Champs de Mars, Ecole militaire, quai de Seine.. Exclusivité Orpi Référence agence : 3984
https://www.seloger.com/annonces/achat/appartement/paris-11eme-75/leon-blum-folie-regnault/246575235.htm;246575235;SeLoger;75011;Léon-Blum Folie-Regnault, Paris 11ème (75011);1;1;23.0;286200.0;12443.48;E;E;1973;appartement;Ce bien immobilier vous est proposé EN EXCLUSIVITE dans votre agence immobilière LELIEVRE IMMOBILIER. En exclusivité, dans le très recherché quartier de la Roquette, venez découvrir ce beau studio de 22.73 m2 avec balcon de 5m2 au calme sur jardin dans une copropriété de 1973 parfaitement entretenue. Refait à neuf, DPE E, il est composé d'une entrée avec placard, d'une salle d'eau avec WC, d'une cuisine équipée avec verrière donnant sur la pièce principale avec baies vitrées, volets roulants, et grand balcon sur jardin. Les atouts de ce bien: pas de vis à vis, local à vélo, gardien, calme Une cave et une place de parking en sous-sol complètent ce bien Les informations sur les risques auxquels ce bien est exposé sont disponibles sur le site Géorisques : Ce bien immobilier vous est proposé par Isabelle PINOT - ou - Agent Commercial Mandataire en Immobilier immatriculé au RSAC du Tribunal de Commerce de Paris sous le numéro EI 410 389 134.
https://www.seloger.com/annonces/achat/appartement/paris-5eme-75/val-de-grace/248473683.htm;248473683;SeLoger;75005;Val de Grace, Paris 5ème (75005);2;2;35.9;469368.0;13074.32;G;G;1170;appartement;À deux pas du Jardin du Luxembourg, rue Royer Collard, ce charmant duplex au calme absolu de deux pièces situé sous les toits séduit par sa luminosité et son agencement. Il mesure 27,25m² Carrez et 35.92 m² au sol. Au premier niveau, une agréable pièce de vie avec cuisine ouverte offre un espace convivial, tandis qu'au second, la chambre bénéficie de sa salle de bains avec WC. Exposé plein sud, l'appartement profite d'une belle clarté tout au long de la journée. À rafraîchir, il présente un beau potentiel pour un pied-à-terre ou un premier achat dans l'un des quartiers les plus recherchés de Paris. La copropriété est de très bon standing, récemment ravalée, avec des parties communes refaites, offrant ainsi un cadre de vie agréable et soigné.
https://www.seloger.com/annonces/achat/appartement/paris-16eme-75/chaillot/245847167.htm;245847167;SeLoger;75016;Chaillot, Paris 16ème (75016);2;3;67.4;937440.0;13908.61;D;D;1950;appartement;Paris XVI, Boissière - Appartement lumineux avec balcon plein sud En exclusivité, LA VIE IMMOBILIERE vous propose ce superbe appartement idéalement situé dans le quartier prisé et recherché de Boissière, au coeur du 16 € arrondissement de Paris. Au troisième étage d'un immeuble semi-récent de standing avec gardienne, récemment ravalé en 2023, et desservi par ascenseur, ce bien offre une superficie de 67,38 €m² loi Carrez et bénéficie d'un beau balcon exposé plein ouest, baignant les pièces de lumière tout au long de la journée. Il se compose d'une belle entrée, d'une vaste pièce de vie de 44 €m² avec cuisine semi-ouverte, d'une grande chambre de 16 €m², d'une salle de bains et de toilettes séparées. Vous apprécierez le beau jardin verdoyant de la copropriété, la chaudière neuve assurant confort et performance énergétique, ainsi que l'excellent état général du bien : aucun travaux à prévoir. Vendu avec une cave, cet appartement offre un cadre de vie lumineux, ensoleillé et sécurisé, au sein d'une copropriété de standing parfaitement entretenue. Une adresse de choix pour une résidence principale ou un pied-à-terre élégant au coeur de Paris. Honoraires inclus de 4.08% TTC à la charge de l'acquéreur. Prix hors honoraires 834 000 euros. Dans une copropriété de 50 lots. Aucune procédure n'est en cours. Classe énergie D, Classe climat D Montant estimé des dépenses annuelles d'énergie pour un usage standard : entre 1310.00 euros et 1830.00 euros sur les années 2021, 2022 et 2023 (abonnements compris). Les informations sur les risques auxquels ce bien est exposé sont disponibles sur le site Géorisques : georisques.gouv.fr.
https://www.seloger.com/annonces/achat/appartement/paris-18eme-75/clignancourt-jules-joffrin/248625571.htm;248625571;SeLoger;75018;Clignancourt-Jules Joffrin, Paris 18ème (75018);5;0;95.0;1010880.0;10640.84;E;E;2000;appartement;RUE CLIGNANCOURT / VILLAGE RAMEY : COUP DE CŒUR pour ce magnifique triplex de 95m², à proximité immédiate de toutes commodités et des métros (Jules JOFFRIN/ Marcadet Poissonniers ligne 4/12). Cet élégant appartement lumineux et ensoleillé, d'une surface de 95 m² carrez a été refait entièrement à neuf il y a quatre ans. L'entrée dessert un vaste séjour de 34 m², un dressing, une cuisine ouverte équipée aménagée avec cellier ainsi qu'une salle à manger sous verrière ensoleillée (véranda). À l'étage, on retrouve deux chambres avec dressing (dont une sur cour), une salle d'eau et WC séparés. Le niveau inférieur se compose d'une chambre avec douche et toilettes, idéale pour un ado ou un invité. Toutes les fenêtres sont en double vitrage, le chauffage est collectif et compris dans les charges., DPE en E. Les plus: une belle hauteur sous plafond, de 2.87m, habitable de suite !
https://www.seloger.com/annonces/achat/appartement/paris-16eme-75/chaillot/248506833.htm;248506833;SeLoger;75016;Chaillot, Paris 16ème (75016);1;0;10.0;154440.0;15444.0;D;D;1970;appartement;A proximité immédiate de l'Arc de Triomphe, dans un bel immeuble récent, parfaitement entretenu, au rez de chaussée, le cabient BR Immobilier vous propose un Studio. Ce bien comprend une pièce principale avoir un coin cuisine toute équipée. Une salle d'eau et WC sur le palier complètent ce bien. Cette annonce vous est proposée par DIDI ALAOUI Samira - EI - NoRSAC: 498 859 594, Enregistré au Greffe du tribunal de commerce de PARIS
https://www.seloger.com/annonces/achat/appartement/paris-18eme-75/goutte-d-or-chateau-rouge/248673233.htm;248673233;SeLoger;75018;Goutte d'Or-Château Rouge, Paris 18ème (75018);1;4;11.1;104760.0;9437.84;E;C;2000;appartement;Marcadet Poissonniers : DPE E Au quatrième et dernier étage d'une copropriété bien entretenue, Century 21 Sorim vous présente en exclusivité ce studio comprenant une entrée avec espace cuisine, une pièce de vie et une salle de bain avec WC. Clair, ensoleillé et fenêtre double vitrage. Le plus : Calme sur cour avec vue dégagée. Idéal investisseur au primo accédant.
https://www.seloger.com/annonces/achat/appartement/paris-18eme-75/goutte-d-or-chateau-rouge/248626609.htm;248626609;SeLoger;75018;Goutte d'Or-Château Rouge, Paris 18ème (75018);4;1;80.0;680400.0;8505.0;E;E;2000;appartement;RUE DOUDEAUVILLE / MARCADET-POISSONNIERS - EXPOSITION PLEIN SUD : Au premier étage d'un immeuble bien tenu, notre agence Century 21 Sorim est ravie de vous présenter ce très charmant et grand 4 pièces traversant-lumineux ! Ce bien de 80 m² se compose comme suit : une entrée avec grand dressing desservant un vaste séjour de 28 m² ensoleillé, orienté plein SUD avec cuisine ouverte, une chambre parentale avec salle d'eau privative et WC, puis deux chambres et une seconde salle d'eau avec WC. Fenêtres double vitrage, chaudière au gaz, DPE E. 4 caves saines complètent ce bien . Les PLUS : ensoleillé, traversant, modulable, pas de gros travaux à prévoir. Proche du Métro Marcadet-Poissonniers Ligne 4-12.
https://www.seloger.com/annonces/achat/appartement/paris-18eme-75/amiraux-simplon-poissonniers/248340419.htm;248340419;SeLoger;75018;Amiraux-Simplon-Poissonniers, Paris 18ème (75018);2;5;27.0;259200.0;9600.0;G;C;1900;appartement;Découvrez dans le secteur M° Marcadet ou Simplon. proche transports, marché et commerces, cet appartement de 2 pièces d'une surface de 27 m² à rénover au 5ème étage sur cour d'un immeuble ancien construit en 1900, Il se compose d'un séjour, d'une chambre, d'une salle de bains et d'un WC. La cuisine est indépendante et le chauffage et la production d'eau chaude sont électriques., très clair et calme , EXCLUSIVITE ACOPA
https://www.seloger.com/annonces/achat/appartement/paris-18eme-75/grandes-carrieres-clichy/248528065.htm;248528065;SeLoger;75018;Grandes Carrières-Clichy, Paris 18ème (75018);2;1;34.0;354240.0;10418.82;E;C;1900;appartement;Chaleureux 2 pièces au coeur du quartier Square Carpeaux Situé au 1er étage d'un bel immeuble ancien en pierre de taille, ce 2 pièces de 34,51 m² combine le charme de l'ancien et le confort moderne.Il se compose d'une entrée, d'un séjour lumineux, d'une chambre calme, d'une cuisine indépendante, et d'une salle d'eau avec WC. L'ensemble est en bon état général, avec des fenêtres en PVC double vitrage, assurant confort thermique et phonique. Nichée dans un quartier recherché pour sa vie de quartier, ses commerces de proximité et son ambiance conviviale, cette adresse est idéale pour un premier achat ou un pied-à-terre parisien. EXCLUSIVITE ACOPA
https://www.seloger.com/annonces/achat/appartement/paris-12eme-75/aligre-gare-de-lyon/248592467.htm;248592467;SeLoger;75012;Aligre-Gare de Lyon, Paris 12ème (75012);2;3;53.0;646920.0;12206.04;E;E;1930;appartement;Votre agence immobilière FREDeLION Aligre Paris 12 vous propose cet appartement niché au 3e étage par escalier d'un immeuble des années 1930 avec gardienne, dans un passage proche de Bastille. Il se compose d'un beau séjour de 29 m², d'une cuisine indépendante, d'une chambre avec salle de bains et d'un WC séparé. L'intégralité de l'appartement donne sur cour, est très au calme et ensoleillé l'après-midi grâce à son exposition Ouest. Une cave complète le bien.
https://www.seloger.com/annonces/achat/appartement/paris-18eme-75/moskowa-porte-montmartre-porte-de-clignancourt/248706739.htm;248706739;SeLoger;75018;Moskowa-Porte Montmartre-Porte de Clignancourt, Paris 18ème (75018);2;4;42.0;415800.0;9900.0;E;E;1933;appartement;M° porte de Saint Ouen, dans immeuble 1933 Art Déco , au 4ème étage avec asc, 2pièces comprenant entrée, séjour de 16 m² , cuisine séparée ( poss. ouverture partielle), chambre de 13 m², salle de bains/wc, cave, local vélo. chauffage et eau chaude collectif . BON ETAT.
https://www.seloger.com/annonces/achat/appartement/paris-15eme-75/violet-commerce/248622723.htm;248622723;SeLoger;75015;Violet Commerce, Paris 15ème (75015);2;3;57.0;567000.0;9947.37;D;D;1970;appartement;Hosman vous propose ce 2 pièces de 55 m² Carrez, situé Rue de Javel dans le 15ème arrondissement de Paris. Au 3ème étage avec ascenseur d'un immeuble bien entretenu, cet appartement lumineux bénéficie d'une exposition nord-ouest et d'un balcon de 7 m². Copropriété bien entretenue et avec un gardien. Planifiez facilement votre visite en choisissant le créneau qui vous convient depuis le site d'Hosman. L'appartement se compose comme suit : Un séjour de 21 m2 s'ouvrant sur le balcon, idéal pour profiter d'un espace extérieur , Une chambre confortable de 13 m2 Une cuisine indépendante et équipée , Une salle de bain fonctionnelle , Des toilettes séparées. Une cave est incluse dans ce bien. Le système de chauffage est collectif (CPCU), et le système d'eau chaude est collectif. La taxe foncière annuelle est de 1 200 €. Localisation : Cet appartement bénéficie d'un emplacement privilégié dans le 15ème arrondissement de Paris : Transports : Boucicaut / Felix Faure (ligne 8) : à environ 230 mètres, soit 3 minutes à pied. Charles Michels (ligne 10) : à environ 380 mètres, soit 5 minutes à pied Javel(ligne C) : à environ 840 mètres, soit 10 minutes à pied. Commodités : À proximité de nombreux commerces, supermarchés et restaurants, offrant une vie de quartier agréable et dynamique. Espaces verts : À proximité immédiate du parc André Citroën, idéal pour les promenades et les activités de plein air. Le bien est soumis au statut de copropriété. L'immeuble a été construit entre 1970 et 1980, dispose d'un gardien et est en bon état. Les parties communes sont bien entretenues. Les charges de copropriété s'élèvent à 669 € par trimestre. Hosman s'efforce de réinventer l'agence immobilière en offrant un service innovant et transparent aux acheteurs et aux vendeurs. Nos frais d'agence sont de 12 900 euros fixes à la charge du vendeur. Si vous êtes un professionnel de l'immobilier (agent, mandataire ou chasseur immobilier), sachez que toutes les annonces Hosman sont ouvertes à la collaboration. N'hésitez pas à nous contacter pour en discuter.
https://www.seloger.com/annonces/achat/appartement/paris-8eme-75/triangle-d-or/248626867.htm;248626867;SeLoger;75008;Triangle d'Or, Paris 8ème (75008);2;6;35.0;577800.0;16508.57;E;C;1915;appartement;Hosman vous propose ce lumineux 2 pièces de 34,9 m² Carrez, situé sur l'Avenue Marceau. Cet appartement traversant au 6ème étage se distingue par sa belle vue dégagée et son exposition sud-est, offrant luminosité toute la journée. Planifiez facilement votre visite en choisissant le créneau qui vous convient depuis le site d'Hosman. L'appartement comprend : - Un séjour spacieux et lumineux grâce à son exposition - Une chambre confortable - Une cuisine ouverte - Une salle d'eau avec wc Le système de chauffage est électrique et l'eau chaude est collective. La taxe foncière annuelle est de 705 €. A proximité du Métro George V (ligne 1) à environ 5 minutes à pied et du Métro Alma-Marceau (ligne 9) à 2 minutes à pied. Le bien est soumis au statut de copropriété. L'immeuble, construit dans les années 1915, est en bon état. Les parties communes, la toiture et la façade ont récemment fait l'objet de rénovations et sont bien entretenues. Les charges de copropriété s'élèvent à 233 € par trimestre. Hosman s'efforce de réinventer l'agence immobilière en offrant un service innovant et transparent aux acheteurs et aux vendeurs. Nos frais d'agence sont de 12 900 euros fixes à la charge du vendeur. Si vous êtes un professionnel de l'immobilier (agent, mandataire ou chasseur immobilier), sachez que toutes les annonces Hosman sont ouvertes à la collaboration. N'hésitez pas à nous contacter pour en discuter.
https://www.seloger.com/annonces/achat/appartement/paris-8eme-75/triangle-d-or/248626863.htm;248626863;SeLoger;75008;Triangle d'Or, Paris 8ème (75008);1;6;20.0;291600.0;14580.0;D;C;1363;appartement;Hosman vous propose ce studio lumineux de standing d'une superficie de 19,7 m² Carrez, situé Avenue Marceau au coeur du Triangle d'Or, dans un bel immeuble sécurisé. Planifiez facilement votre visite en choisissant le créneau qui vous convient depuis le site d'Hosman Situé au 6ème étage, il se compose d'une pièce principale lumineuse, d'une cuisine ouverte, et d'une salle d'eau avec WC. L'ensemble est calme, bien agencé et parfaitement optimisé. Chauffage individuel électrique et eau chaude collective La taxe foncière annuelle est de 398 € A proximité du Métro George V (ligne 1) à environ 5 minutes à pied et du Métro Alma-Marceau (ligne 9) à 2 minutes à pied. Le bien est soumis au statut de copropriété. L'immeuble, construit dans les années 1915, est en bon état. Les parties communes, la toiture et la façade ont récemment fait l'objet de rénovations et sont bien entretenues. Les charges de copropriété s'élèvent à 138 € par trimestre. Hosman s'efforce de réinventer l'agence immobilière en offrant un service innovant et transparent aux acheteurs et aux vendeurs. Nos frais d'agence sont de 7 900 euros fixes à la charge du vendeur. Si vous êtes un professionnel de l'immobilier (agent, mandataire ou chasseur immobilier), sachez que toutes les annonces Hosman sont ouvertes à la collaboration. N'hésitez pas à nous contacter pour en discuter.
https://www.seloger.com/annonces/achat/appartement/paris-1er-75/les-halles/248616307.htm;248616307;SeLoger;75001;Les Halles, Paris 1er (75001);1;5;21.3;291600.0;13690.14;F;C;1900;appartement;Métro Étienne Marcel / Rue de la Grande Truanderie Le cabinet BR-Immobilier vous propose cet AGRÉABLE studio sur COUR au CALME, avec vue sur les toits, de 21,32 m2 carrez, situé au 5eme étage d'un immeuble ancien. Il se compose d'une pièce principale avec lit escamotable, d'un coin cuisine et d'une salle d'eau avec de vrais WC. Poutres apparentes, belle hauteur sous plafond, aucune perte d'espace. Lumineux et calme. Emplacement recherché, bonne rentabilité. DPE F avec possibilité d'amélioration en D/E Cette annonce vous est proposée par M. Thibaut BLANCHARD - EI - NoRSAC: 805 178 241, Enregistré au Greffe du tribunal de commerce de Paris
https://www.seloger.com/annonces/achat/appartement/paris-19eme-75/manin-jaures/248495543.htm;248495543;SeLoger;75019;Manin-Jaurès, Paris 19ème (75019);5;4;84.0;695520.0;8280.0;D;D;1975;appartement;Quartier Amérique dans le 19ème, découvrez ce quatre pièces lumineux niché au 4ème étage avec ascenseur d’un immeuble sécurisé. Trois vraies chambres, un séjour baigné de lumière donnant sur un balcon avec vue verdoyante, le tout à deux pas du Parc de la Villette et du Canal de l’Ourcq. Un bien qui allie calme, espace et vie parisienne, parfait pour accueillir votre famille ou réaliser un investissement patrimonial de qualité. La provision sur charges incluant le chauffage est de 310€/mois.
https://www.seloger.com/annonces/achat/appartement/paris-19eme-75/flandre-aubervilliers/248606971.htm;248606971;SeLoger;75019;Flandre-Aubervilliers, Paris 19ème (75019);3;25;76.0;540000.0;7105.26;C;C;1970;appartement;Rue Mathis. À moins de 3 min à pied du Métro CRIMÉE / Proche Quais de Seine. Le Cabinet BR-Immobilier vous propose ce 3 pièces d'angle de 76 m2 rénové en 2020 avec BALCON offrant plusieurs VUES DÉGAGÉES IMPRENABLES sur TOUT PARIS, dont certaines sur plusieurs monuments, situé au 25eme étage avec ascenseurs d'une copropriété sécurisée avec gardien, bien entretenue, Tour FUGUE, actuellement en cours de ravalement et de rafraîchissement du hall d'entrée (votés et payés). Il comprend : une entrée desservant un séjour donnant accès au BALCON de 7 m2, une cuisine séparée entièrement équipée (possibilité d'ouverture sur le séjour), deux chambres spacieuses avec VUE DÉGAGÉE (possibilité de créer une troisième chambre), une salle d'eau, WC séparés, un dressing ainsi que deux cagibis complétant cet appartement. Plan optimal sans aucune perte d'espace, nombreux rangements, calme et LUMINEUX grâce à une double exposition Sud et Nord-Ouest (couchers de soleil magnifiques). Local vélo dans la copropriété et possibilité d'achat ou de location de parking/box (en sus du prix et indépendamment de l'acquisition). Nombreux commerces et commodités à proximité immédiate : marché, parc de jeux pour enfants, toutes écoles, et quais de Seine à quelques pas. Chauffage et eau collectifs en CPCU. Cette annonce vous est proposée par M. Thibaut BLANCHARD - EI - NoRSAC: 805 178 241, Enregistré au Greffe du tribunal de commerce de Paris
https://www.seloger.com/annonces/achat/appartement/paris-9eme-75/provence-opera/248617377.htm;248617377;SeLoger;75009;Provence Opéra, Paris 9ème (75009);2;5;38.4;496800.0;12937.5;D;A;1870;appartement;COUP DE COEUR - Rue de PROVENCE, Proche Gare SAINT-LAZARE et à 5 minutes à pied de l'Opéra de Paris Situé dans le secteur Chaussée d'Antin - La Fayette (Métro Ligne 9 et 7) Le Cabinet BR IMMOBILIER a le plaisir de vous présenter ce charmant appartement de 2 pièces, d'une superficie de 35,11 m2 Carrez et 38,41m2 au sol, situé au 5ème étage (avant dernier) avec ASCENSEUR d'un immeuble ancien en bon état. Cet appartement se compose d'une entrée qui donne accès à un séjour PAISIBLE orienté à l'est, avec vue SUR COUR, vous permettant de profiter d'un CALME absolu. La suite se compose d'une CUISINE OUVERTE, parfaitement intégrée, d'une salle de bain, ainsi que d'une chambre exposée ouest, bénéficiant d'une VUE DÉGAGÉE. Un WC séparé complète également le bien. Un débarras sur le palier complète également le bien. Cet appartement vous séduira par son agencement, ses poutres apparentes, ainsi que par son emplacement idéal dans un quartier vivant et dynamique. Vous apprécierez la proximité immédiate de nombreux commerces (Galeries Lafayette, boutiques, restaurants, supermarchés..). De plus, l'OPÉRA et la gare SAINT-LAZARE sont à 5 minutes à pied, vous offrant un accès rapide aux transports. Charges mensuelles: 100EUR/mois Taxe foncière: 927EUR/an DPE D Cette annonce vous est proposée par M. Thibaut BLANCHARD - EI - NoRSAC: 805 178 241, Enregistré au Greffe du tribunal de commerce de Paris
